{
  "mel_l1": 5.740392774343491,
  "mel_l2": 38.834792693456016,
  "mel_sc": 0.9998732651508022,
  "mel_log": 5.035278747479121,
  "energy_corr": 0.003486344113478373,
  "fd_mel": 2829.1634112684537,
  "kl_mel": 4107181.3688997286
}